Column1,brand,product_details,check,price_global_house,price_dohome,cheapest_store
0,ซัันไลต์,ซัันไลต์ น้ำยาล้างจาน เลมอนเทอร์โบ ขนาด 3600 มล.,ซันไลต์ เลมอน เทอร์โบ น้ำยาล้างจาน 3200 มล.,169,184,GLOBAL HOUSE
1,ซันไลต์,ซันไลต์ น้ำยาล้างจาน เลมอนเทอร์โบ แบบเติม ขนาด 300 มล. (แพ็ค 3 ถุง),ซันไลต์ เลมอน น้ำยาล้างจาน แบบถุง 500 มล. (แพค 3 หน่วย),52,94,GLOBAL HOUSE
2,ซันไลต์,ซันไลต์ น้ำยาล้างจาน แบบเติม ขนาด 500 มล. (แพ็ค 3 ถุง),ซันไลต์ เลมอน น้ำยาล้างจาน แบบถุง 500 มล. (แพค 3 หน่วย),78,94,GLOBAL HOUSE
3,ซันไลต์,ซันไลต์ น้ำยาล้างจาน เลมอนเทอร์โบ แบบหัวปั้ม ขนาด 485 มล.,ซันไลต์ เลมอน เทอร์โบ น้ำยาล้างจาน 485 มล.,35,35,GLOBAL HOUSE
4,ซันไลต์,ซันไลต์ น้ำยาล้างจาน เลมอนเทอร์โบ แบบหัวปั้ม ขนาด 750 มล.,ซันไลต์ เลมอน น้ำยาล้างจาน แบบถุง 500 มล. (แพค 3 หน่วย),64,94,GLOBAL HOUSE
5,3M,3M น้ำยาล้างจาน สูตรมะนาวเข้มข้น แบบถุง ขนาด 550 มล.,3M น้ำยาล้างจาน 550 มล. กลิ่นมะนาว,27,33,GLOBAL HOUSE
6,ซันไลต์,ซันไลต์ น้ำยาล้างจาน พลัส เนเจอร์ แบบหัวปั้ม ขนาด 750 มล.,ซันไลต์ น้ำยาล้างจาน แบบหัวปั๊ม 750 มล. กลิ่นเลมอน,64,64,GLOBAL HOUSE
8,3M,3M น้ำยาล้างจาน สูตรมะนาวเข้มข้น ขนาด 3800 มล.,3M น้ำยาล้างจาน กลิ่นมะนาว 3.8 ลิตร,199,193,DOHOME
9,ซันไลต์,ซันไลต์ น้ำยาล้างจาน แพลตินั่ม ไอริส ขจัดครบหนัก แบบหัวปั้ม ขนาด 750 มล.,ซันไลต์ น้ำยาล้างจาน แบบหัวปั๊ม 750 มล. กลิ่นเลมอน,69,64,DOHOME
10,ซันไลต์,ซันไลต์ น้ำยาล้างจาน แพลตินั่ม ออเร้นจ์ ขจัดครบหนัก แบบหัวปั้ม ขนาด 750 มล.,ซันไลต์ น้ำยาล้างจาน แบบหัวปั๊ม 750 มล. กลิ่นเลมอน,69,64,DOHOME
12,ซันไลต์,ซันไลต์ น้ำยาล้างจาน ซันไลต์พลัส แบบหัวปั้ม ขนาด 750 มล.,ซันไลต์ น้ำยาล้างจาน แบบหัวปั๊ม 750 มล. กลิ่นเลมอน,64,64,GLOBAL HOUSE
16,VIXOL วิกซอล พลัส,VIXOL วิกซอล พลัส น้ำยาล้างห้องน้ำ 900 มล.,VIXOL ไลท์ พลัส น้ำยาล้างห้องน้ำ 3500 มล. สีม่วง,39,169,DOHOME
17,VIXOL วิกซอล,VIXOL วิกซอล น้ำยาล้างห้องน้ำ 900 มล. ชมพู แพ็ค 2+1,VIXOL Oxy น้ำยาล้างห้องน้ำ 700 มล. สีชมพู,99,55,DOHOME
18,VIXOL วิกซอล,VIXOL วิกซอล น้ำยาล้างห้องน้ำและ ขจัดคราบทั่วไป ขนาด 900 มล. สีชมพู,VIXOL น้ำยาล้างห้องน้ำ ไลท์ พลัส 900 มล. สีม่วง,39,47,GLOBAL HOUSE
19,FARCENT,FARCENT น้ำยาล้างห้องน้ำ ฟาร์เซ้นท์ ขนาด 900 มล. (2แถม1/แพ็ค),FARCENT น้ำยาล้างห้องน้ำ รุ่น JS-3011 (แพ็ค 3),101,124,GLOBAL HOUSE
20,VIXOL วิกซอล เฮฟวี่ ดิวตี้,VIXOL วิกซอล เฮฟวี่ ดิวตี้ น้ำยาล้างห้องน้ำ ขนาด 900 มล. สีขาว,VIXOL ไลท์ พลัส น้ำยาล้างห้องน้ำ 3500 มล. สีม่วง,39,169,DOHOME
21,3M,3M น้ำยาล้างห้องน้ำสูตรขจัดคราบหนัก ขนาด 900 มล.,3M น้ำยาล้างห้องน้ำ กลิ่นพฤกษา 3.8 ลิตร,59,215,DOHOME
22,FARCENT,FARCENT น้ำยาล้างห้องน้ำ ฟาร์เซ็นท์บาธรูม ขนาด 3500 มล.,FARCENT น้ำยาล้างห้องน้ำ รุ่น JS-3102 ขนาด 3500 มล.,148,157,GLOBAL HOUSE
23,DUCK เป็ดหอม,DUCK เป็ดหอม น้ำยาล้างห้องน้ำ กลิ่น ลาเวนเดอร์ 900 มล.,DUCK น้ำยาล้างห้องน้ำ กลิ่นลาเวนเดอร์ 900 มล.,54,74,GLOBAL HOUSE
24,VIXOL วิกซอล พลัส,VIXOL วิกซอล พลัส น้ำยาล้างห้องน้ำ 3500 มล.,VIXOL ไลท์ พลัส น้ำยาล้างห้องน้ำ 3500 มล. สีม่วง,155,169,GLOBAL HOUSE
25,SPACLEAN,SPACLEAN น้ำยาล้างห้องน้ำ ขนาด 1000 มล.,FARCENT น้ำยาล้างห้องน้ำ รุ่น JS-3102 ขนาด 3500 มล.,169,157,DOHOME
26,DUCK เป็ดหอม,DUCK เป็ดหอม น้ำยาล้างห้องน้ำ กลั่น ซิตรัส ขนาด 900 มล.,DUCK น้ำยาล้างห้องน้ำ กลิ่นซิตรัส 900 มล.,54,74,GLOBAL HOUSE
27,VIXOL วิกซอล,VIXOL วิกซอล น้ำยาล้างห้องน้ำและ ขจัดคราบทั่วไป ขนาด 3500 มล. สีชมพู,VIXOL ไลท์ พลัส น้ำยาล้างห้องน้ำ 3500 มล. สีม่วง,155,169,GLOBAL HOUSE
29,VIXOL วิกซอล เฮฟวี่ ดิวตี้,VIXOL วิกซอล เฮฟวี่ ดิวตี้ น้ำยาล้างห้องน้ำ ขนาด 3500 มล. สีขาว,VIXOL ไลท์ พลัส น้ำยาล้างห้องน้ำ 3500 มล. สีม่วง,155,169,GLOBAL HOUSE
32,VIM,VIM น้ำยาล้างห้องน้ำ วิม ขนาด 3500 มล. สีเขียว,VIXOL น้ำยาล้างห้องน้ำ ไลท์ พลัส 900 มล. สีม่วง,145,47,GLOBAL HOUSE
33,DUCK เป็ดหอม,DUCK เป็ดหอม น้ำยาล้างห้องน้ำ กลิ่น ลาเวนเดอร์ 3500 มล.,DUCK น้ำยาล้างห้องน้ำ กลิ่นลาเวนเดอร์ 3500 มล.,209,266,GLOBAL HOUSE
34,DUCK เป็ดหอม,DUCK เป็ดหอม น้ำยาล้างห้องน้ำ กลั่น ซิตรัส ขนาด 3500 มล.,DUCK น้ำยาล้างห้องน้ำ กลิ่นซิตรัส 3500 มล.,209,258,GLOBAL HOUSE
35,OMO ผงซักฟอกสูตรมาตรฐาน โอโมซันชายน์ ขนาด 1700 กรัม,OMO ผงซักฟอกสูตรมาตรฐาน โอโมซันชายน์ ขนาด 1700 กรัม,โอโม ซันชายน์ ผงซักฟอก 1900 กรัม,95,99,GLOBAL HOUSE
36,"BREEZE บรีสเอกเซลน้ำยาซักผ้า สูตรเข้มข้น แพ็คคู่ ขนาด 1,250 มล.","BREEZE บรีสเอกเซลน้ำยาซักผ้า สูตรเข้มข้น แพ็คคู่ ขนาด 1,250 มล.",FINELINE น้ำยาซักผ้า สูตรเข้มข้น 700 มล. สีดำ,199,97,GLOBAL HOUSE
37,BREEZE น้ำยาซักผ้า บรีสเอกเซล ( แบบเติม) ขนาด 1400 มล.,BREEZE น้ำยาซักผ้า บรีสเอกเซล ( แบบเติม) ขนาด 1400 มล.,BREEZE น้ำยาซักผ้า ซิกเนเจอร์ 1400 มล. สีม่วง,115,119,GLOBAL HOUSE
38,Haiter ไฮเตอร์ น้ำยาซักผ้าขาว 600 มล. สีชมพู,Haiter ไฮเตอร์ น้ำยาซักผ้าขาว 600 มล. สีชมพู,D-NEE น้ำยาซักผ้าเด็ก 1300 มล. สีชมพู,26,159,DOHOME
39,OMO ผงซักฟอก โอโม ขนาด 2400 กรัม,OMO ผงซักฟอก โอโม ขนาด 2400 กรัม,โอโม ผงซักฟอก 2400 กรัม,125,169,GLOBAL HOUSE
40,BREEZE ผงซักฟอก บรีส เพาเวอร์ สวีท ฟลาวเวอร์ ขนาด 2500 กรัม,BREEZE ผงซักฟอก บรีส เพาเวอร์ สวีท ฟลาวเวอร์ ขนาด 2500 กรัม,บรีส เพาเวอร์ ผงซักฟอก 4500 กรัม,119,318,GLOBAL HOUSE
41,BREEZE ผงซักฟอกสูตรเข้มข้น บรีส ขนาด 1300 กรัม สีชมพู,BREEZE ผงซักฟอกสูตรเข้มข้น บรีส ขนาด 1300 กรัม สีชมพู,ATTACK 3D คลีน แอ็คชั่น ผงซักฟอก สูตรเข้มข้น 1700 กรัม,109,209,GLOBAL HOUSE
42,Haiter ไฮเตอร์ น้ำยาซักผ้าขาว 600 มล. สีฟ้า,Haiter ไฮเตอร์ น้ำยาซักผ้าขาว 600 มล. สีฟ้า,D-NEE น้ำยาซักผ้าเด็ก 1300 มล. สีฟ้า,26,159,DOHOME
43,Attack ผงซักฟอกแอทแทคอีซี่ แฮปปี้สวีท 8500กรัม,Attack ผงซักฟอกแอทแทคอีซี่ แฮปปี้สวีท 8500กรัม,ATTACK Easy ผงซักฟอก กลิ่นแฮปปี้สวีท 2700 กรัม,389,178,DOHOME
44,BREEZE ผงซักฟอกสูตรมาตรฐานแบบถัง บรีสเมติก ขนาด 7500กรัม,BREEZE ผงซักฟอกสูตรมาตรฐานแบบถัง บรีสเมติก ขนาด 7500กรัม,บรีส เมติก ผงซักฟอก 7500 กรัม,469,535,GLOBAL HOUSE
45,BREEZE ผงซักฟอก บรีสเพาเวอร์ ขนาด 2250 กรัม,BREEZE ผงซักฟอก บรีสเพาเวอร์ ขนาด 2250 กรัม,บรีส เพาเวอร์ ผงซักฟอก 4500 กรัม,119,318,GLOBAL HOUSE
46,Haiter ไฮเตอร์ น้ำยาซักผ้าขาว 2500 มล. สีชมพู,Haiter ไฮเตอร์ น้ำยาซักผ้าขาว 2500 มล. สีชมพู,D-NEE น้ำยาซักผ้าเด็ก 550 มล. สีชมพู,82,95,GLOBAL HOUSE
47,BREEZE ผงซักฟอกสูตรเข้มข้น บรีส ขนาด 1300 กรัม สีเขียว,BREEZE ผงซักฟอกสูตรเข้มข้น บรีส ขนาด 1300 กรัม สีเขียว,เปา ซิลเวอร์ นาโนซอฟท์ ผงซักฟอก สูตรเข้มข้น 1700 กรัม,109,188,GLOBAL HOUSE
48,Haiter ไฮเตอร์ น้ำยาซักผ้าขาว 2500 มล. สีฟ้า,Haiter ไฮเตอร์ น้ำยาซักผ้าขาว 2500 มล. สีฟ้า,D-NEE น้ำยาซักผ้าเด็ก 550 มล. สีฟ้า,82,95,GLOBAL HOUSE
49,OMO น้ำยาซักผ้า โอโมพลัส กลิ่นซากุระ บลอสซั่ม ขนาด 1400 มล. สีชมพู,OMO น้ำยาซักผ้า โอโมพลัส กลิ่นซากุระ บลอสซั่ม ขนาด 1400 มล. สีชมพู,โอโม ลิควิด มอร์นิ่ง บลูม น้ำยาซักผ้า 700 มล.,105,61,GLOBAL HOUSE
50,Attack น้ำยาซักผ้าสูตรน้ำ กลิ่น ชาร์มิง โรมานซ์ 700 มล.,Attack น้ำยาซักผ้าสูตรน้ำ กลิ่น ชาร์มิง โรมานซ์ 700 มล.,โอโม ลิควิด มอร์นิ่ง บลูม น้ำยาซักผ้า 700 มล.,79,61,DOHOME
51,Attack น้ำยาซักผ้าสูตรน้ำแอทแทคทีดีซอฟ์ท 720 มล. กลิ่นโรแมนติกเลิฟ,Attack น้ำยาซักผ้าสูตรน้ำแอทแทคทีดีซอฟ์ท 720 มล. กลิ่นโรแมนติกเลิฟ,ATTACK 3D Soft ผงซักฟอก สูตรเข้มข้น กลิ่นโรแมนติก เลิฟ 2400 กรัม,79,235,DOHOME
52,Attack ผงซักฟอกสูตรน้ำแอทแทคทีดี คลีนแอ็คชั่น 770 มล.,Attack ผงซักฟอกสูตรน้ำแอทแทคทีดี คลีนแอ็คชั่น 770 มล.,ATTACK 3D คลีน แอ็คชั่น ผงซักฟอก สูตรเข้มข้น 1700 กรัม,79,209,DOHOME
53,BREEZE ผงซักฟอก บรีสเอกเซลเอ็กซ์ตร้า ขนาด 4000 กรัม,BREEZE ผงซักฟอก บรีสเอกเซลเอ็กซ์ตร้า ขนาด 4000 กรัม,บรีส เอกเซล ผงซักฟอก 4000 กรัม,309,387,GLOBAL HOUSE
54,Attack ผงซักฟอก แอทแทค3ดีคลีนแอ็คชั่น 1700 กรัม สูตรเข้มข้น,Attack ผงซักฟอก แอทแทค3ดีคลีนแอ็คชั่น 1700 กรัม สูตรเข้มข้น,ATTACK 3D คลีน แอ็คชั่น ผงซักฟอก สูตรเข้มข้น 1700 กรัม,159,209,GLOBAL HOUSE
55,Attack น้ำยาซักผ้าสูตรน้ำ คลีน แอควานซ์ 750 มล.,Attack น้ำยาซักผ้าสูตรน้ำ คลีน แอควานซ์ 750 มล.,บรีส เอกเซล ลิควิด น้ำยาซักผ้า 700 มล.,79,99,GLOBAL HOUSE
56,Attack ผงซักฟอกสูตรเข้มข้น แอทแทคทีดีซอฟ์ท 1600 กรัม กลิ่นโรแมนติกเลิฟ,Attack ผงซักฟอกสูตรเข้มข้น แอทแทคทีดีซอฟ์ท 1600 กรัม กลิ่นโรแมนติกเลิฟ,ATTACK 3D Soft ผงซักฟอก สูตรเข้มข้น กลิ่นโรแมนติก เลิฟ 1600 กรัม,159,199,GLOBAL HOUSE
57,ผงซักฟอกแอทแทค ซอฟท์พลัส 2400 กรัม (6P),ผงซักฟอกแอทแทค ซอฟท์พลัส 2400 กรัม (6P),โอโม พลัส ผงซักฟอก 2500 กรัม,195,249,GLOBAL HOUSE
58,D WASH ผงซักฟอกเอนกประสงค์ ขนาด 25 กก.,D WASH ผงซักฟอกเอนกประสงค์ ขนาด 25 กก.,ATTACK Easy ผงซักฟอก กลิ่นเซ็กซี่สวีท 2700 กรัม,690,178,DOHOME
59,BREEZE ผงซักฟอก บรีสเอกเซลโกลด์ ขนาด 2500 กรัม,BREEZE ผงซักฟอก บรีสเอกเซลโกลด์ ขนาด 2500 กรัม,บรีสเอกเซล โกลด์ ผงซักฟอก 850 กรัม,309,142,DOHOME
60,Attack ผงซักฟอกสูตรเข้มข้น กลิ่น ชาร์มิง โรมานซ์ 2400 กรัม,Attack ผงซักฟอกสูตรเข้มข้น กลิ่น ชาร์มิง โรมานซ์ 2400 กรัม,ATTACK 3D คลีน แอ็คชั่น ผงซักฟอก สูตรเข้มข้น 2600 กรัม,205,239,GLOBAL HOUSE
61,Attack ผงซักฟอกสูตรเข้มข้น กลิ่น ชาร์มิง โรมานซ์ 1600 กรัม,Attack ผงซักฟอกสูตรเข้มข้น กลิ่น ชาร์มิง โรมานซ์ 1600 กรัม,ATTACK 3D คลีน แอ็คชั่น ผงซักฟอก สูตรเข้มข้น 1700 กรัม,169,209,GLOBAL HOUSE
62,Attack ผงซักฟอกสูตรเข้มข้น สูตร คลีน แอควานซ์ 4500 กรัม,Attack ผงซักฟอกสูตรเข้มข้น สูตร คลีน แอควานซ์ 4500 กรัม,ATTACK 3D คลีน แอ็คชั่น ผงซักฟอก สูตรเข้มข้น 850 กรัม,319,107,DOHOME
63,Attack ผงซักฟอกสูตรเข้มข้น คลีน แอควานซ์ 1700 กรัม,Attack ผงซักฟอกสูตรเข้มข้น คลีน แอควานซ์ 1700 กรัม,ATTACK 3D คลีน แอ็คชั่น ผงซักฟอก สูตรเข้มข้น 1700 กรัม,155,209,GLOBAL HOUSE
64,Attack ผงซักฟอกแอทแทคทีดี ไวรัสคลีนเลอร์ 1500กรัม,Attack ผงซักฟอกแอทแทคทีดี ไวรัสคลีนเลอร์ 1500กรัม,ATTACK Easy ผงซักฟอก กลิ่นเซ็กซี่สวีท 2700 กรัม,169,178,GLOBAL HOUSE
65,Attack ผงซักฟอกสูตรเข้มข้น คลีน แอควานซ์ 2600 กรัม,Attack ผงซักฟอกสูตรเข้มข้น คลีน แอควานซ์ 2600 กรัม,ATTACK 3D คลีน แอ็คชั่น ผงซักฟอก สูตรเข้มข้น 2600 กรัม,205,239,GLOBAL HOUSE
66,Attack ผงซักฟอก แอทแทค3ดีคลีนแอ็คชั่น 4500 กรัม สูตรเข้มข้น,Attack ผงซักฟอก แอทแทค3ดีคลีนแอ็คชั่น 4500 กรัม สูตรเข้มข้น,ATTACK 3D คลีน แอ็คชั่น ผงซักฟอก สูตรเข้มข้น 850 กรัม,329,107,DOHOME
67,Attack ผงซักฟอกสูตรเข้มข้น กลิ่น ชาร์มิง โรมานซ์ 4200 กรัม,Attack ผงซักฟอกสูตรเข้มข้น กลิ่น ชาร์มิง โรมานซ์ 4200 กรัม,ATTACK 3D คลีน แอ็คชั่น ผงซักฟอก สูตรเข้มข้น 2600 กรัม,329,239,DOHOME
68,BREEZE ผงซักฟอก บรีสเอกเซลคัลเลอร์ ขนาด 2400 กรัม,BREEZE ผงซักฟอก บรีสเอกเซลคัลเลอร์ ขนาด 2400 กรัม,บรีส เอกเซล ผงซักฟอก 4000 กรัม,236,387,GLOBAL HOUSE
69,BREEZE ผงซักฟอก บรีสเอกเซลคอมฟอร์ท ขนาด 1900 กรัม,BREEZE ผงซักฟอก บรีสเอกเซลคอมฟอร์ท ขนาด 1900 กรัม,บรีสเอกเซล Solar ผงซักฟอก 1500 กรัม,175,139,DOHOME
70,BREEZE ผงซักฟอก บรีสเอกเซลคอมฟอร์ท ขนาด 2400กรัม สีม่วง,BREEZE ผงซักฟอก บรีสเอกเซลคอมฟอร์ท ขนาด 2400กรัม สีม่วง,บรีส เอกเซล ผงซักฟอก 4000 กรัม,199,387,GLOBAL HOUSE
71,BREEZE ผงซักฟอก บรีสเอกเซล ขนาด 2000 กรัม,BREEZE ผงซักฟอก บรีสเอกเซล ขนาด 2000 กรัม,บรีส เอกเซล ผงซักฟอก 4000 กรัม,175,387,GLOBAL HOUSE
72,BREEZE ผงซักฟอก บรีสเอกเซลคอมฟอร์ท ขนาด 2400 กรัม,BREEZE ผงซักฟอก บรีสเอกเซลคอมฟอร์ท ขนาด 2400 กรัม,บรีส เอกเซล ผงซักฟอก 4000 กรัม,179,387,GLOBAL HOUSE
73,BREEZE ผงซักฟอก บรีสเพาเวอร์ ขนาด 800 กรัม,BREEZE ผงซักฟอก บรีสเพาเวอร์ ขนาด 800 กรัม,บรีส เพาเวอร์ ผงซักฟอก 4500 กรัม,59,318,DOHOME
74,น้ำยาซักผ้าแอทแทค (ชนิดเติม) 3ดี ลิควิด 400 มล. (18P),น้ำยาซักผ้าแอทแทค (ชนิดเติม) 3ดี ลิควิด 400 มล. (18P),โอโม ลิควิด มอร์นิ่ง บลูม น้ำยาซักผ้า 700 มล.,47,61,GLOBAL HOUSE
75,HYGIENE,HYGIENE น้ำยาปรับผ้านุ่ม ไฮยีน ขนาด 580 มล.(3ถุง/แพ็ค) สีขาว,HYGIENE น้ำยาปรับผ้านุ่ม 580 มล. สีขาว,49,18,DOHOME
76,HYGIENE,HYGIENE น้ำยาปรับผ้านุ่ม ไฮยีน ขนาด 3500 มล. สีขาว (1x4),HYGIENE น้ำยาปรับผ้านุ่ม 3500 มล. สีขาว,92,118,DOHOME
77,HYGIENE,HYGIENE น้ำยาปรับผ้านุ่ม ไฮยีนเอ็กซ์เพิร์ทแคร์ ซันไรส์ คิส ขนาด 490 มล. สีชมพู (1x12),HYGIENE น้ำยาปรับผ้านุ่ม กลิ่นซันไรส์ คิส 490 มล. สีชมพู,55,56,GLOBAL HOUSE
78,HYGIENE,HYGIENE น้ำยาปรับผ้านุ่ม ไฮยีน ขนาด 3500 มล. สีบานเย็น (1x4),HYGIENE น้ำยาปรับผ้านุ่ม 3500 มล. สีขาว,92,118,DOHOME
79,HYGIENE,HYGIENE น้ำยาปรับผ้านุ่ม ไฮยีนเอ็กซ์เพิร์ทแคร์ เลิฟลี่บลูม ขนาด 490 มล. สีชมพู (1x12),HYGIENE น้ำยาปรับผ้านุ่ม กลิ่นมอร์นิ่ง บลูม 490 มล. สีม่วง,55,56,GLOBAL HOUSE
80,HYGIENE,HYGIENE น้ำยาปรับผ้านุ่ม ไฮยีน ขนาด 3500 มล. สีม่วง. (1x4),HYGIENE น้ำยาปรับผ้านุ่ม 3500 มล. สีม่วง,92,118,DOHOME
81,Downy,Downy น้ำยาปรับผ้านุ่ม แบบเติม สูตรตากในร่ม ขนาด 490 มล. สีเขียว (แพ็ค 2 แถม 1),DOWNY น้ำยาปรับผ้านุ่ม กลิ่นการ์เดนบลูม 490 มล. (แพ็ค 2 แถม 1),159,145,DOHOME
82,COMFORT,COMFORT น้ำยาปรับผ้านุ่ม คอมฟอร์ทสูตรมาตรฐาน(แบบเติม) ขนาด 500 มล. สีชมพู,COMFORT น้ำเดียว น้ำยาปรับผ้านุ่ม 540 มล. สีชมพู,42,79,GLOBAL HOUSE
83,HYGIENE,HYGIENE น้ำยาปรับผ้านุ่ม ไฮยีน ขนาด580 มล.(3 ถุง/แพ็ค) ชมพูเข้ม,HYGIENE น้ำยาปรับผ้านุ่ม 580 มล. สีชมพูเข้ม,49,18,DOHOME
84,Downy,Downy น้ำยาปรับผ้านุ่ม แบบเติม กลิ่น สวนดอกไม้ผลิ ขนาด 490 มล. สีชมพู (แพ็ค 2 แถม 1),DOWNY น้ำยาปรับผ้านุ่ม กลิ่นดอกไม้สดชื่น 490 มล. (แพ็ค 2 แถม 1),159,155,DOHOME
85,HYGIENE,HYGIENE น้ำยาปรับผ้านุ่ม ไฮยีน ขนาด 3500 มล. สีชมพู (1x4),HYGIENE น้ำยาปรับผ้านุ่ม 3500 มล. สีชมพู,92,118,DOHOME
86,HYGIENE,HYGIENE น้ำยาปรับผ้านุ่ม ไฮยีน ขนาด 580 มล. (3ถุง/แพ็ค) สีชมพู,HYGIENE น้ำยาปรับผ้านุ่ม 580 มล. สีชมพู,49,18,DOHOME
87,HYGIENE,HYGIENE น้ำยาปรับผ้านุ่ม ไฮยีนเอ็กซ์เพิร์ทแคร์ ส้มแฮปปี้ ขนาด 490 มล. สีส้ม (1x12),HYGIENE น้ำยาปรับผ้านุ่ม กลิ่นมอร์นิ่ง บลูม 490 มล. สีม่วง,55,56,GLOBAL HOUSE
88,Downy,Downy น้ำยาปรับผ้านุ่ม แบบเติม กลิ่น ซันไรท์เฟรช ขนาด 540 มล. สีฟ้า (แพ็ค 2 แถม 1),DOWNY น้ำยาปรับผ้านุ่ม กลิ่นซันไรซ์ เฟรช 490 มล. (แพ็ค 2 แถม 1),159,145,DOHOME
89,COMFORT,COMFORT น้ำยาปรับผ้านุ่ม คอมฟอร์ทอัลตร้า(แบบเติม) ขนาด 1300 มล. สีชมพู,COMFORT น้ำยาปรับผ้านุ่ม 500 มล. สีชมพู (แพค 3 หน่วย),129,54,GLOBAL HOUSE
90,COMFORT,COMFORT น้ำยาปรับผ้านุ่ม คอมฟอร์ทสูตรมาตรฐาน(แบบเติม) ขนาด 500 มล. สีม่วง,COMFORT น้ำยาปรับผ้านุ่ม 540 มล. สูตรน้ำเดียว สีทอง,42,79,GLOBAL HOUSE
91,COMFORT คอมฟอร์ทอัลตร้า,COMFORT คอมฟอร์ทอัลตร้า น้ำยาปรับผ้านุ่ม (แพ็ค2) ขนาด 480 มล. สีฟ้า,COMFORT น้ำเดียว น้ำยาปรับผ้านุ่ม 540 มล. สีฟ้า,89,79,DOHOME
92,COMFORT,COMFORT น้ำยาปรับผ้านุ่ม คอมฟอร์ทสูตรมาตรฐาน(แบบเติม) ขนาด 500 มล. สีฟ้า,COMFORT น้ำเดียว น้ำยาปรับผ้านุ่ม 540 มล. สีฟ้า,42,79,GLOBAL HOUSE
93,COMFORT,COMFORT น้ำยาปรับผ้านุ่ม คอมฟอร์ท สูตรมาตรฐาน ขนาด 2800 มล. สีชมพู,COMFORT น้ำยาปรับผ้านุ่ม กลิ่นสัมผัสแห่งรัก 20 ลิตร สีชมพู,109,679,GLOBAL HOUSE
94,HYGIENE,HYGIENE น้ำยาปรับผ้านุ่ม ไฮยีนเอ็กซ์เพิร์ทแคร์ มอร์นิ่ง บลูม ขนาด 490 มล. สีม่วง (1x12),HYGIENE น้ำยาปรับผ้านุ่ม กลิ่นมอร์นิ่ง บลูม 490 มล. สีม่วง,55,56,GLOBAL HOUSE
95,COMFORT คอมฟอร์ทอัลตร้า,COMFORT คอมฟอร์ทอัลตร้า น้ำยาปรับผ้านุ่ม( แพ็ค2) ขนาด 480 มล. สีชมพู,COMFORT น้ำยาปรับผ้านุ่ม 500 มล. สีชมพู (แพค 3 หน่วย),89,54,DOHOME
96,DOWNY,DOWNY น้ำยาปรับผ้านุ่มสูตรเข้มข้น ชนิดเติม 1.25L กลิ่นดอกไม้อันแสนสดชื่น (1x9),DOWNY น้ำยาปรับผ้านุ่ม กลิ่นดอกไม้สดชื่น 490 มล. (แพ็ค 2 แถม 1),139,155,GLOBAL HOUSE
97,COMFORT,COMFORT น้ำยาปรับผ้านุ่ม คอมฟอร์ทอัลตร้า ( น้ำเดียว ) แบบเติม ขนาด 540 มล. สีฟ้า,COMFORT น้ำเดียว น้ำยาปรับผ้านุ่ม 540 มล. สีฟ้า,59,79,GLOBAL HOUSE
98,COMFORT,COMFORT น้ำยาปรับผ้านุ่ม คอมฟอร์ทอัลตร้า(แบบเติม) ขนาด 1300 มล. สีฟ้า,COMFORT น้ำเดียว น้ำยาปรับผ้านุ่ม 540 มล. สีฟ้า,129,79,GLOBAL HOUSE
99,COMFORT,COMFORT น้ำยาปรับผ้านุ่ม คอมฟอร์ทอัลตร้า ( น้ำเดียว ) ขนาด 540 มล. สีชมพู,COMFORT น้ำเดียว น้ำยาปรับผ้านุ่ม 540 มล. สีชมพู,59,79,GLOBAL HOUSE
100,Downy,Downy น้ำยาปรับผ้านุ่ม แบบเติม กลิ่น สวนดอกไม้ผลิ ขนาด 540 มล. สีชมพู,DOWNY น้ำยาปรับผ้านุ่ม กลิ่นเมล่อน 500 มล.,70,85,GLOBAL HOUSE
101,Downy,Downy น้ำยาปรับผ้านุ่ม แบบเติม กลิ่น ซันไรท์เฟรช ขนาด 540 มล.สีฟ้า,DOWNY น้ำยาปรับผ้านุ่ม กลิ่นซันไรซ์ เฟรช 490 มล. (แพ็ค 2 แถม 1),70,145,DOHOME
102,Downy,Downy น้ำยาปรับผ้านุ่ม แบบเติม สูตรตากในที่ร่ม ขนาด 510 มล. สีเขียว,DOWNY น้ำเดียว น้ำยาปรับผ้านุ่ม สูตรเข้มข้น 22 มล. (แพค 24 หน่วย),70,91,GLOBAL HOUSE
103,COMFORT,COMFORT น้ำยาปรับผ้านุ่ม คอมฟอร์ทอัลตร้า (น้ำเดียว) แบบเติม กลิ่น เดลิ เฟรช ขนาด 1300 มล. สีฟ้า,COMFORT น้ำเดียว น้ำยาปรับผ้านุ่ม 540 มล. สีฟ้า,129,79,GLOBAL HOUSE
104,DOWNY,DOWNY น้ำยาปรับผ้านุ่มสูตรเข้มข้น ชนิดเติม 1.25L กลิ่นดอกไม้อันแสนน่ารัก (1x9),DOWNY น้ำยาปรับผ้านุ่ม กลิ่นดอกไม้น่ารัก 490 มล. (แพ็ค 2 แถม 1),139,155,GLOBAL HOUSE
105,DOWNY,DOWNY น้ำยาปรับผ้านุ่มสูตรเข้มข้น ชนิดเติม 1.25L กลิ่นแพชชั่น (1x9),DOWNY น้ำเดียว น้ำยาปรับผ้านุ่ม สูตรเข้มข้น 22 มล. (แพค 24 หน่วย),139,91,GLOBAL HOUSE
106,COMFORT,COMFORT น้ำยาปรับผ้านุ่ม คอมฟอร์ทอัลตร้า (น้ำเดียว) แบบเติม ขนาด 600 มล. สีทอง,COMFORT น้ำยาปรับผ้านุ่ม 540 มล. สูตรน้ำเดียว สีทอง,45,79,GLOBAL HOUSE
107,Champion,Champion ถุงขยะแบบหนาพิเศษ 30x40 นิ้ว บรรจุ 12 ใบ/แพ็ค รุ่น Recycle สีดำ,Champion ถุงขยะหนาพิเศษ ขนาด 30x40 นิ้ว สีดำ (แพ็ค 12 ใบ),69,70,GLOBAL HOUSE
108,Champion,Champion ถุงขยะแบบหนา เกรด A ขนาด 26 x34 บรรจุ 12 ใบ/แพ็ค สีดำ,Champion ถุงขยะแบบหูผูก ขนาด 26x34 นิ้ว สีดำ (แพ็ค 24 ใบ),49,85,GLOBAL HOUSE
109,Champion,Champion ถุงขยะแบบมีหูผูก ขนาด 24 นิ้ว x28 นิ้ว บรรจุ 36 ใบ/แพ็ค สีดำ กลิ่นมินต์เลมอน,Champion ถุงขยะแบบหูผูก ขนาด 24x28 นิ้ว กลิ่นมินต์เลมอน (แพ็ค 36 ใบ),69,82,GLOBAL HOUSE
110,Champion,Champion ถุงขยะแบบหนาพิเศษ 36x45 นิ้ว บรรจุ 8 ใบ/แพ็ค รุ่น Recycle สีดำ,Champion ถุงขยะหนาพิเศษ ขนาด 36x45 นิ้ว สีดำ (แพ็ค 8 ใบ),69,71,GLOBAL HOUSE
111,Champion,Champion ถุงขยะแบบม้วน ขนาด 24 x28 บรรจุ 25 ใบ/แพ็ค สีดำ กลิ่นมินต์เลมอน,Champion ถุงขยะแบบหูผูก ขนาด 18x20 นิ้ว กลิ่นมินต์เลมอน (แพ็ค 72 ใบ),49,82,GLOBAL HOUSE
112,Champion,Champion ถุงขยะแบบม้วน ขนาด 18 นิ้ว x20 นิ้ว บรรจุ 50 ใบ/แพ็ค สีดำ กลิ่น มินต์เลมอน,Champion ถุงขยะแบบหูผูก ขนาด 30x40 นิ้ว กลิ่นมินต์เลมอน (แพ็ค 18 ใบ),49,82,GLOBAL HOUSE
113,Champion,Champion ถุงขยะแบบมีหูผูก ขนาด 30 นิ้ว x40 นิ้ว บรรจุ 18 ใบ/แพ็ค สีดำ กลิ่นมินต์เลมอน,Champion ถุงขยะแบบหูผูก ขนาด 30x40 นิ้ว กลิ่นมินต์เลมอน (แพ็ค 18 ใบ),69,82,GLOBAL HOUSE
114,Champion,Champion ถุงขยะแบบหนา เกรด A ขนาด 30 x40 บรรจุ 8 ใบ/แพ็ค สีดำ,Champion ถุงขยะหนาพิเศษ ขนาด 36x45 นิ้ว สีดำ (แพ็ค 8 ใบ),49,71,GLOBAL HOUSE
115,Champion,Champion ถุงขยะแบบหนา เกรด A ขนาด 36 x45 บรรจุ 6 ใบ/แพ็ค สีดำ,Champion ถุงขยะหนาพิเศษ ขนาด 36x45 นิ้ว สีดำ (แพ็ค 8 ใบ),49,71,GLOBAL HOUSE
116,Champion,Champion ถุงขยะแบบม้วน ขนาด 18 x20 บรรจุ 30 ใบ/แพ็ค สีเขียว กลิ่นแอปเปิ้ล,Champion ถุงขยะม้วน ขนาด 18x20 นิ้ว สีเขียว (แพ็ค 30 ใบ),39,45,GLOBAL HOUSE
117,Champion,Champion ถุงขยะแบบม้วน ขนาด 26 x34 บรรจุ 16 ใบ/แพ็ค สีดำ กลิ่น มินต์เลมอน,Champion ถุงขยะแบบหูผูก ขนาด 18x20 นิ้ว กลิ่นมินต์เลมอน (แพ็ค 72 ใบ),49,82,GLOBAL HOUSE
118,Champion,Champion ถุงขยะแบบม้วน ขนาด 18 x20 บรรจุ 30 ใบ/แพ็ค สีส้ม กลิ่นส้ม,Champion ถุงขยะม้วน ขนาด 18x20 นิ้ว สีส้ม (แพ็ค 30 ใบ),39,45,GLOBAL HOUSE
119,Champion,Champion ถุงขยะแบบม้วน ขนาด 24 นิ้ว x28 นิ้ว บรรจุ 15 ใบ/แพ็ค สีม่วง กลิ่นลาเวนเดอร์,Champion ถุงขยะม้วน ขนาด 24x28 นิ้ว สีม่วง (แพ็ค 15 ใบ),39,45,GLOBAL HOUSE
120,Champion,Champion ถุงขยะแบบม้วน ขนาด 24 x28 บรรจุ 15 ใบ/แพ็ค สีชมพู กลิ่นกุหลาบ,Champion ถุงขยะม้วน ขนาด 24x28 นิ้ว สีชมพู (แพ็ค 15 ใบ),39,45,GLOBAL HOUSE
121,Champion,Champion ถุงขยะแบบมีหูผูก ขนาด 18 นิ้ว x20 นิ้ว บรรจุ 72 ใบ/แพ็ค สีดำ กลิ่นมินต์เลมอน,Champion ถุงขยะแบบหูผูก ขนาด 18x20 นิ้ว กลิ่นมินต์เลมอน (แพ็ค 72 ใบ),69,82,GLOBAL HOUSE
122,Champion,Champion ถุงขยะแบบม้วน ขนาด 24x28 บรรจุ 15 ใบ/แพ็ค สีเขียว กลิ่นแอปเปิ้ล,Champion ถุงขยะม้วน ขนาด 24x28 นิ้ว สีม่วง (แพ็ค 15 ใบ),39,45,GLOBAL HOUSE
124,Champion,Champion ถุงขยะแบบม้วนแยกขยะอันตราย ขนาด 18 x20 บรรจุ 40 ใบ/แพ็ค สีแดง กลิ่นมอร์นิ่งเฟรช,Champion ถุงขยะแบบหูผูก ขนาด 30x40 นิ้ว กลิ่นมินต์เลมอน (แพ็ค 18 ใบ),49,82,GLOBAL HOUSE
125,Champion,Champion ถุงขยะแบบมีหูผูก ขนาด 36 นิ้ว x45 นิ้ว บรรจุ 8 ใบ/แพ็ค สีดำ กลิ่นมินต์เลมอน,Champion ถุงขยะแบบหูผูก ขนาด 36x45 นิ้ว กลิ่นมินต์เลมอน (แพ็ค 8 ใบ),69,82,GLOBAL HOUSE
126,ICLEAN,ICLEAN ถุงขยะหนาพิเศษพร้อมเชือกมัดปากถุง DZH006-BK ขนาด 40 นิ้ว x52 นิ้ว บรรจุ 5 ใบ/แพ็ค สีดำ,DO KLEAN ถุงขยะ เกรด A ขนาด 24 x 28 นิ้ว (12 ใบ),39,27,DOHOME
127,Champion,Champion ถุงขยะแบบม้วนแยกขยะอันตราย ขนาด 24 x28 บรรจุ 15 ใบ/แพ็ค สีแแดง กลิ่นมอร์นิ่งเฟรช,Champion ถุงขยะแบบหูผูก ขนาด 18x20 นิ้ว กลิ่นมินต์เลมอน (แพ็ค 72 ใบ),49,82,GLOBAL HOUSE
132,Champion,Champion ถุงขยะแบบแยกขยะอันตราย ขนาด 26x34 นิ้ว บรรจุ 15 ใบ/แพ็ค สีแดง,Champion ถุงขยะแบบแยกขยะอันตราย ขนาด 26x34 นิ้ว สีแดง (แพ็ค 15 ใบ),39,49,GLOBAL HOUSE
133,Champion,Champion ถุงขยะแบบแยกขยะอันตราย ขนาด 30x40 นิ้ว บรรจุ 10 ใบ/แพ็ค สีแดง,Champion ถุงขยะแบบแยกขยะอันตราย ขนาด 30x40 นิ้ว สีแดง (แพ็ค 10 ใบ),39,49,GLOBAL HOUSE
134,ICLEAN,ICLEAN ถุงขยะม้วน มีหู ขนาด 18 นิ้ว x20 นิ้ว บรรจุ 30ใบ/ม้วน สีดำ,DO KLEAN ถุงขยะ เกรด A ขนาด 24 x 28 นิ้ว (12 ใบ),29,27,DOHOME
136,ICLEAN,ICLEAN ถุงขยะม้วน มีหู ขนาด 26 นิ้ว x34 นิ้ว บรรจุ 30ใบ/ม้วน สีดำ,DO KLEAN ถุงขยะ เกรด A ขนาด 24 x 28 นิ้ว (12 ใบ),59,27,DOHOME
137,ICLEAN,ICLEAN ถุงขยะม้วน มีหู ขนาด 24 นิ้ว x30 นิ้ว บรรจุ 30ใบ/ม้วน สีดำ,DO KLEAN ถุงขยะ เกรด A ขนาด 24 x 28 นิ้ว (12 ใบ),39,27,DOHOME
139,ICLEAN,ICLEAN ถุงขยะหนาพิเศษพร้อมเชือกมัดปากถุง DZH004-BK ขนาด 30 นิ้ว x40 นิ้ว บรรจุ 10 ใบ/แพ็ค สีดำ,DO KLEAN ถุงขยะ เกรด A ขนาด 24 x 28 นิ้ว (12 ใบ),39,27,DOHOME
141,ICLEAN,ICLEAN ถุงขยะหนาพิเศษพร้อมเชือกมัดปากถุง ขนาด 36 นิ้ว x45 นิ้ว บรรจุ 7 ใบ/แพ็ค สีดำ,DOKLEAN ถุงขยะ 36x45 นิ้ว เกรดA (แพ็ค 4 ใบ),39,27,DOHOME
142,ICLEAN,ICLEAN ถุงขยะหนาพิเศษ DZH004-WH ขนาด 30 นิ้ว x40 นิ้ว บรรจุ 10 ใบ/แพ็ค สีขาว,DO KLEAN ถุงขยะ เกรด A ขนาด 24 x 28 นิ้ว (12 ใบ),39,27,DOHOME
143,ICLEAN,ICLEAN ถุงขยะหนาพิเศษ DZH005-WH ขนาด 36 นิ้ว x45 นิ้ว บรรจุ 7 ใบ/แพ็ค สีขาว,DOKLEAN ถุงขยะ 36x45 นิ้ว เกรดA (แพ็ค 4 ใบ),39,27,DOHOME
152,Champion,Champion ถุงขยะแบบมาตรฐาน ขนาด 30x40 นิ้ว (XL) บรรจุ 10 ใบ สีใส,Champion ถุงขยะมาตรฐาน 30x40 นิ้ว สีดำ (แพ็ค 14 ใบ),55,79,GLOBAL HOUSE
